Date,Type,Sub Type,Action,Symbol,Instrument Type,Description,Value,Quantity,Average Price,Commissions,Fees,Multiplier,Root Symbol,Underlying Symbol,Expiration Date,Strike Price,Call or Put,Order #,Total,Currency
2026-06-06T15:38:08-0300,Money Movement,Balance Adjustment,,,,Regulatory fee adjustment,0.00,0,,--,0.00,,,,,,,,0.00,USD
2026-06-05T10:30:03-0300,Trade,Sell to Close,SELL_TO_CLOSE,SNDK,Equity,Sold 9 SNDK @ 1670.00,"15,030.00",9,"1,670.00",0.00,-0.32,,,,,,,472106927,"15,029.68",USD
2026-06-01T16:32:21-0300,Trade,Sell to Close,SELL_TO_CLOSE,LITE,Equity,Sold 16 LITE @ 905.19,"14,483.04",16,905.19,0.00,-0.32,,,,,,,472012703,"14,482.72",USD
2026-05-16T14:51:43-0300,Money Movement,Balance Adjustment,,,,Regulatory fee adjustment,0.01,0,,--,0.00,,,,,,,,0.01,USD
2026-05-15T10:34:45-0300,Trade,Buy to Open,BUY_TO_OPEN,LITE,Equity,Bought 1 LITE @ 943.15,-943.15,1,-943.15,0.00,0.00,,,,,,,467418795,-943.15,USD
2026-05-14T15:21:07-0300,Trade,Buy to Open,BUY_TO_OPEN,SNDK,Equity,Bought 8 SNDK @ 1406.00,"-11,248.00",8,"-1,406.00",0.00,-0.01,,,,,,,467246317,"-11,248.01",USD
2026-05-14T15:21:07-0300,Trade,Buy to Open,BUY_TO_OPEN,SNDK,Equity,Bought 1 SNDK @ 1406.00,"-1,406.00",1,"-1,406.00",0.00,0.00,,,,,,,467246317,"-1,406.00",USD
2026-05-13T17:00:00-0300,Receive Deliver,Expiration,SELL_TO_CLOSE,SPXW  260513P07415000,Equity Option,Removal of 1.0 SPX 05/13/26 Put 7415.00 due to expiration.,0.00,1,0.00,--,0.00,100,SPXW,SPX,5/13/26,7415,PUT,,0.00,USD
2026-05-13T17:00:00-0300,Receive Deliver,Expiration,BUY_TO_CLOSE,SPXW  260513P07410000,Equity Option,Removal of 1.0 SPX 05/13/26 Put 7410.00 due to expiration.,0.00,1,0.00,--,0.00,100,SPXW,SPX,5/13/26,7410,PUT,,0.00,USD
2026-05-13T13:07:40-0300,Trade,Buy to Open,BUY_TO_OPEN,SPXW  260513P07415000,Equity Option,Bought 1 SPX 05/13/26 Put 7415.00 @ 4.95,-495.00,1,-495.00,-1.00,-0.72,100,SPXW,SPX,5/13/26,7415,PUT,466587995,-496.72,USD
2026-05-13T13:07:40-0300,Trade,Sell to Open,SELL_TO_OPEN,SPXW  260513P07410000,Equity Option,Sold 1 SPX 05/13/26 Put 7410.00 @ 3.75,375.00,1,375.00,-1.00,-0.72,100,SPXW,SPX,5/13/26,7410,PUT,466587995,373.28,USD
2026-05-12T12:39:11-0300,Trade,Buy to Open,BUY_TO_OPEN,LITE,Equity,Bought 15 LITE @ 976.90,"-14,653.50",15,-976.90,0.00,-0.01,,,,,,,466041781,"-14,653.51",USD
2026-05-11T15:58:41-0300,Trade,Buy to Close,BUY_TO_CLOSE,SPXW  260511P07390000,Equity Option,Bought 2 SPX 05/11/26 Put 7390.00 @ 1.15,-230.00,2,-115.00,0.00,-1.45,100,SPXW,SPX,5/11/26,7390,PUT,465661032,-231.45,USD
2026-05-11T15:58:41-0300,Trade,Sell to Close,SELL_TO_CLOSE,SPXW  260511P07395000,Equity Option,Sold 2 SPX 05/11/26 Put 7395.00 @ 1.65,330.00,2,165.00,0.00,-1.45,100,SPXW,SPX,5/11/26,7395,PUT,465661032,328.55,USD
2026-05-11T11:59:22-0300,Trade,Sell to Open,SELL_TO_OPEN,SPXW  260511P07390000,Equity Option,Sold 1 SPX 05/11/26 Put 7390.00 @ 2.52,252.00,1,252.00,-1.00,-0.72,100,SPXW,SPX,5/11/26,7390,PUT,465451257,250.28,USD
2026-05-11T11:59:22-0300,Trade,Buy to Open,BUY_TO_OPEN,SPXW  260511P07395000,Equity Option,Bought 1 SPX 05/11/26 Put 7395.00 @ 3.02,-302.00,1,-302.00,-1.00,-0.72,100,SPXW,SPX,5/11/26,7395,PUT,465451257,-303.72,USD
2026-05-11T10:40:54-0300,Trade,Buy to Open,BUY_TO_OPEN,SPXW  260511P07395000,Equity Option,Bought 1 SPX 05/11/26 Put 7395.00 @ 10.22,"-1,022.00",1,"-1,022.00",-1.00,-0.72,100,SPXW,SPX,5/11/26,7395,PUT,465322565,"-1,023.72",USD
2026-05-11T10:40:54-0300,Trade,Sell to Open,SELL_TO_OPEN,SPXW  260511P07390000,Equity Option,Sold 1 SPX 05/11/26 Put 7390.00 @ 8.47,847.00,1,847.00,-1.00,-0.72,100,SPXW,SPX,5/11/26,7390,PUT,465322565,845.28,USD
2026-05-07T11:40:17-0300,Trade,Buy to Close,BUY_TO_CLOSE,SPXW  260507P07355000,Equity Option,Bought 2 SPX 05/07/26 Put 7355.00 @ 4.07,-814.00,2,-407.00,0.00,-1.45,100,SPXW,SPX,5/07/26,7355,PUT,464323410,-815.45,USD
2026-05-07T11:40:17-0300,Trade,Sell to Close,SELL_TO_CLOSE,SPXW  260507P07360000,Equity Option,Sold 2 SPX 05/07/26 Put 7360.00 @ 5.02,"1,004.00",2,502.00,0.00,-1.45,100,SPXW,SPX,5/07/26,7360,PUT,464323410,"1,002.55",USD
2026-05-07T11:04:10-0300,Trade,Buy to Open,BUY_TO_OPEN,SPXW  260507P07360000,Equity Option,Bought 2 SPX 05/07/26 Put 7360.00 @ 8.90,"-1,780.00",2,-890.00,-2.00,-1.45,100,SPXW,SPX,5/07/26,7360,PUT,464285148,"-1,783.45",USD
2026-05-07T11:04:10-0300,Trade,Sell to Open,SELL_TO_OPEN,SPXW  260507P07355000,Equity Option,Sold 2 SPX 05/07/26 Put 7355.00 @ 7.30,"1,460.00",2,730.00,-2.00,-1.45,100,SPXW,SPX,5/07/26,7355,PUT,464285148,"1,456.55",USD
2026-05-04T10:30:20-0300,Trade,Buy to Close,BUY_TO_CLOSE,SPXW  260504P07200000,Equity Option,Bought 1 SPX 05/04/26 Put 7200.00 @ 7.37,-737.00,1,-737.00,0.00,-0.72,100,SPXW,SPX,5/04/26,7200,PUT,462605311,-737.72,USD
2026-05-04T10:30:20-0300,Trade,Sell to Close,SELL_TO_CLOSE,SPXW  260504P07160000,Equity Option,Sold 1 SPX 05/04/26 Put 7160.00 @ 2.42,242.00,1,242.00,0.00,-0.72,100,SPXW,SPX,5/04/26,7160,PUT,462605311,241.28,USD
2026-05-02T13:48:26-0300,Money Movement,Balance Adjustment,,,,Regulatory fee adjustment,0.06,0,,--,0.00,,,,,,,,0.06,USD
2026-05-01T12:50:33-0300,Trade,Buy to Close,BUY_TO_CLOSE,SPXW  260501C07265000,Equity Option,Bought 1 SPX 05/01/26 Call 7265.00 @ 6.40,-640.00,1,-640.00,0.00,-0.72,100,SPXW,SPX,5/01/26,7265,CALL,462238132,-640.72,USD
2026-05-01T12:50:33-0300,Trade,Sell to Close,SELL_TO_CLOSE,SPXW  260501C07260000,Equity Option,Sold 1 SPX 05/01/26 Call 7260.00 @ 8.30,830.00,1,830.00,0.00,-0.72,100,SPXW,SPX,5/01/26,7260,CALL,462238132,829.28,USD
2026-05-01T11:59:57-0300,Trade,Buy to Open,BUY_TO_OPEN,SPXW  260501C07260000,Equity Option,Bought 1 SPX 05/01/26 Call 7260.00 @ 6.68,-668.00,1,-668.00,-1.00,-0.72,100,SPXW,SPX,5/01/26,7260,CALL,462198412,-669.72,USD
2026-05-01T11:59:57-0300,Trade,Sell to Open,SELL_TO_OPEN,SPXW  260501C07265000,Equity Option,Sold 1 SPX 05/01/26 Call 7265.00 @ 4.83,483.00,1,483.00,-1.00,-0.72,100,SPXW,SPX,5/01/26,7265,CALL,462198412,481.28,USD
2026-05-01T11:20:35-0300,Trade,Sell to Open,SELL_TO_OPEN,SPXW  260504P07200000,Equity Option,Sold 1 SPX 05/04/26 Put 7200.00 @ 6.56,656.00,1,656.00,-1.00,-0.72,100,SPXW,SPX,5/04/26,7200,PUT,462154665,654.28,USD
2026-05-01T11:20:35-0300,Trade,Buy to Open,BUY_TO_OPEN,SPXW  260504P07160000,Equity Option,Bought 1 SPX 05/04/26 Put 7160.00 @ 3.56,-356.00,1,-356.00,-1.00,-0.72,100,SPXW,SPX,5/04/26,7160,PUT,462154665,-357.72,USD
2026-04-30T15:01:35-0300,Trade,Buy to Close,BUY_TO_CLOSE,SPXW  260430C07175000,Equity Option,Bought 2 SPX 04/30/26 Call 7175.00 @ 26.15,"-5,230.00",2,"-2,615.00",0.00,-1.45,100,SPXW,SPX,4/30/26,7175,CALL,461882766,"-5,231.45",USD
2026-04-30T15:01:35-0300,Trade,Sell to Close,SELL_TO_CLOSE,SPXW  260430C07185000,Equity Option,Sold 1 SPX 04/30/26 Call 7185.00 @ 17.75,"1,775.00",1,"1,775.00",0.00,-0.72,100,SPXW,SPX,4/30/26,7185,CALL,461882766,"1,774.28",USD
2026-04-30T15:01:35-0300,Trade,Sell to Close,SELL_TO_CLOSE,SPXW  260430C07165000,Equity Option,Sold 1 SPX 04/30/26 Call 7165.00 @ 35.25,"3,525.00",1,"3,525.00",0.00,-0.72,100,SPXW,SPX,4/30/26,7165,CALL,461882766,"3,524.28",USD
2026-04-30T14:48:42-0300,Trade,Sell to Close,SELL_TO_CLOSE,SPXW  260430C07135000,Equity Option,Sold 1 SPX 04/30/26 Call 7135.00 @ 56.22,"5,622.00",1,"5,622.00",0.00,-0.72,100,SPXW,SPX,4/30/26,7135,CALL,461870833,"5,621.28",USD
2026-04-30T14:48:42-0300,Trade,Buy to Close,BUY_TO_CLOSE,SPXW  260430C07145000,Equity Option,Bought 2 SPX 04/30/26 Call 7145.00 @ 46.39,"-9,278.00",2,"-4,639.00",0.00,-1.45,100,SPXW,SPX,4/30/26,7145,CALL,461870833,"-9,279.45",USD
2026-04-30T14:48:42-0300,Trade,Sell to Close,SELL_TO_CLOSE,SPXW  260430C07155000,Equity Option,Sold 1 SPX 04/30/26 Call 7155.00 @ 36.66,"3,666.00",1,"3,666.00",0.00,-0.72,100,SPXW,SPX,4/30/26,7155,CALL,461870833,"3,665.28",USD
2026-04-30T12:36:32-0300,Trade,Buy to Open,BUY_TO_OPEN,SPXW  260430C07165000,Equity Option,Bought 1 SPX 04/30/26 Call 7165.00 @ 11.13,"-1,113.00",1,"-1,113.00",-1.00,-0.72,100,SPXW,SPX,4/30/26,7165,CALL,461753961,"-1,114.72",USD
2026-04-30T12:36:32-0300,Trade,Sell to Open,SELL_TO_OPEN,SPXW  260430C07175000,Equity Option,Sold 2 SPX 04/30/26 Call 7175.00 @ 6.44,"1,288.00",2,644.00,-2.00,-1.46,100,SPXW,SPX,4/30/26,7175,CALL,461753961,"1,284.54",USD
2026-04-30T12:36:32-0300,Trade,Buy to Open,BUY_TO_OPEN,SPXW  260430C07185000,Equity Option,Bought 1 SPX 04/30/26 Call 7185.00 @ 3.35,-335.00,1,-335.00,-1.00,-0.72,100,SPXW,SPX,4/30/26,7185,CALL,461753961,-336.72,USD
2026-04-30T11:41:04-0300,Trade,Buy to Open,BUY_TO_OPEN,SPXW  260430C07155000,Equity Option,Bought 1 SPX 04/30/26 Call 7155.00 @ 9.18,-918.00,1,-918.00,-1.00,-0.72,100,SPXW,SPX,4/30/26,7155,CALL,461678708,-919.72,USD
2026-04-30T11:41:04-0300,Trade,Sell to Open,SELL_TO_OPEN,SPXW  260430C07145000,Equity Option,Sold 2 SPX 04/30/26 Call 7145.00 @ 13.72,"2,744.00",2,"1,372.00",-2.00,-1.46,100,SPXW,SPX,4/30/26,7145,CALL,461678708,"2,740.54",USD
2026-04-30T11:41:04-0300,Trade,Buy to Open,BUY_TO_OPEN,SPXW  260430C07135000,Equity Option,Bought 1 SPX 04/30/26 Call 7135.00 @ 19.36,"-1,936.00",1,"-1,936.00",-1.00,-0.72,100,SPXW,SPX,4/30/26,7135,CALL,461678708,"-1,937.72",USD
2026-04-29T16:12:20-0300,Trade,Buy to Close,BUY_TO_CLOSE,SPXW  260429P07125000,Equity Option,Bought 1 SPX 04/29/26 Put 7125.00 @ 2.86,-286.00,1,-286.00,0.00,-0.72,100,SPXW,SPX,4/29/26,7125,PUT,461410398,-286.72,USD
2026-04-29T16:12:20-0300,Trade,Sell to Close,SELL_TO_CLOSE,SPXW  260429P07130000,Equity Option,Sold 1 SPX 04/29/26 Put 7130.00 @ 4.51,451.00,1,451.00,0.00,-0.72,100,SPXW,SPX,4/29/26,7130,PUT,461410398,450.28,USD
2026-04-29T15:10:20-0300,Trade,Buy to Close,BUY_TO_CLOSE,SPXW  260429P07125000,Equity Option,Bought 1 SPX 04/29/26 Put 7125.00 @ 21.84,"-2,184.00",1,"-2,184.00",0.00,-0.72,100,SPXW,SPX,4/29/26,7125,PUT,461339231,"-2,184.72",USD
2026-04-29T15:10:20-0300,Trade,Sell to Close,SELL_TO_CLOSE,SPXW  260429P07130000,Equity Option,Sold 1 SPX 04/29/26 Put 7130.00 @ 25.34,"2,534.00",1,"2,534.00",0.00,-0.72,100,SPXW,SPX,4/29/26,7130,PUT,461339231,"2,533.28",USD
2026-04-29T11:23:12-0300,Trade,Buy to Open,BUY_TO_OPEN,SPXW  260429P07130000,Equity Option,Bought 2 SPX 04/29/26 Put 7130.00 @ 11.78,"-2,356.00",2,"-1,178.00",-2.00,-1.45,100,SPXW,SPX,4/29/26,7130,PUT,461049932,"-2,359.45",USD
2026-04-29T11:23:12-0300,Trade,Sell to Open,SELL_TO_OPEN,SPXW  260429P07125000,Equity Option,Sold 2 SPX 04/29/26 Put 7125.00 @ 10.03,"2,006.00",2,"1,003.00",-2.00,-1.46,100,SPXW,SPX,4/29/26,7125,PUT,461049932,"2,002.54",USD
2026-04-28T14:59:12-0300,Trade,Buy to Close,BUY_TO_CLOSE,SPXW  260428P07135000,Equity Option,Bought 2 SPX 04/28/26 Put 7135.00 @ 6.73,"-1,346.00",2,-673.00,0.00,-1.45,100,SPXW,SPX,4/28/26,7135,PUT,460867269,"-1,347.45",USD
2026-04-28T14:59:12-0300,Trade,Sell to Close,SELL_TO_CLOSE,SPXW  260428P07140000,Equity Option,Sold 2 SPX 04/28/26 Put 7140.00 @ 9.83,"1,966.00",2,983.00,0.00,-1.46,100,SPXW,SPX,4/28/26,7140,PUT,460867269,"1,964.54",USD
2026-04-28T10:41:48-0300,Trade,Sell to Open,SELL_TO_OPEN,SPXW  260428P07135000,Equity Option,Sold 2 SPX 04/28/26 Put 7135.00 @ 10.33,"2,066.00",2,"1,033.00",-2.00,-1.46,100,SPXW,SPX,4/28/26,7135,PUT,460613954,"2,062.54",USD
2026-04-28T10:41:48-0300,Trade,Buy to Open,BUY_TO_OPEN,SPXW  260428P07140000,Equity Option,Bought 2 SPX 04/28/26 Put 7140.00 @ 12.08,"-2,416.00",2,"-1,208.00",-2.00,-1.45,100,SPXW,SPX,4/28/26,7140,PUT,460613954,"-2,419.45",USD
2026-04-27T14:57:41-0300,Trade,Sell to Close,SELL_TO_CLOSE,SPXW  260427P07160000,Equity Option,Sold 1 SPX 04/27/26 Put 7160.00 @ 2.28,228.00,1,228.00,0.00,-0.72,100,SPXW,SPX,4/27/26,7160,PUT,460097493,227.28,USD
2026-04-27T14:57:41-0300,Trade,Buy to Close,BUY_TO_CLOSE,SPXW  260427P07155000,Equity Option,Bought 1 SPX 04/27/26 Put 7155.00 @ 1.68,-168.00,1,-168.00,0.00,-0.72,100,SPXW,SPX,4/27/26,7155,PUT,460097493,-168.72,USD
2026-04-27T14:00:01-0300,Trade,Buy to Open,BUY_TO_OPEN,SPXW  260427P07160000,Equity Option,Bought 1 SPX 04/27/26 Put 7160.00 @ 5.48,-548.00,1,-548.00,-1.00,-0.72,100,SPXW,SPX,4/27/26,7160,PUT,460024362,-549.72,USD
2026-04-27T14:00:01-0300,Trade,Sell to Open,SELL_TO_OPEN,SPXW  260427P07155000,Equity Option,Sold 1 SPX 04/27/26 Put 7155.00 @ 4.13,413.00,1,413.00,-1.00,-0.72,100,SPXW,SPX,4/27/26,7155,PUT,460024362,411.28,USD
2026-04-25T16:26:32-0300,Money Movement,Balance Adjustment,,,,Regulatory fee adjustment,0.01,0,,--,0.00,,,,,,,,0.01,USD
2026-04-24T16:05:28-0300,Trade,Buy to Close,BUY_TO_CLOSE,SPXW  260424C07140000,Equity Option,Bought 1 SPX 04/24/26 Call 7140.00 @ 21.35,"-2,135.00",1,"-2,135.00",0.00,-0.72,100,SPXW,SPX,4/24/26,7140,CALL,459569399,"-2,135.72",USD
2026-04-24T16:05:28-0300,Trade,Sell to Close,SELL_TO_CLOSE,SPXW  260424C07135000,Equity Option,Sold 1 SPX 04/24/26 Call 7135.00 @ 26.20,"2,620.00",1,"2,620.00",0.00,-0.72,100,SPXW,SPX,4/24/26,7135,CALL,459569399,"2,619.28",USD
2026-04-24T16:05:28-0300,Trade,Buy to Close,BUY_TO_CLOSE,SPXW  260424C07140000,Equity Option,Bought 1 SPX 04/24/26 Call 7140.00 @ 21.35,"-2,135.00",1,"-2,135.00",0.00,-0.72,100,SPXW,SPX,4/24/26,7140,CALL,459569399,"-2,135.72",USD
2026-04-24T16:05:28-0300,Trade,Sell to Close,SELL_TO_CLOSE,SPXW  260424C07135000,Equity Option,Sold 1 SPX 04/24/26 Call 7135.00 @ 26.20,"2,620.00",1,"2,620.00",0.00,-0.72,100,SPXW,SPX,4/24/26,7135,CALL,459569399,"2,619.28",USD
2026-04-24T10:54:21-0300,Trade,Sell to Open,SELL_TO_OPEN,SPXW  260424C07140000,Equity Option,Sold 2 SPX 04/24/26 Call 7140.00 @ 6.51,"1,302.00",2,651.00,-2.00,-1.46,100,SPXW,SPX,4/24/26,7140,CALL,458835898,"1,298.54",USD
2026-04-24T10:54:21-0300,Trade,Buy to Open,BUY_TO_OPEN,SPXW  260424C07135000,Equity Option,Bought 2 SPX 04/24/26 Call 7135.00 @ 8.26,"-1,652.00",2,-826.00,-2.00,-1.45,100,SPXW,SPX,4/24/26,7135,CALL,458835898,"-1,655.45",USD
2026-04-18T16:24:30-0300,Money Movement,Balance Adjustment,,,,Regulatory fee adjustment,0.06,0,,--,0.00,,,,,,,,0.06,USD
2026-04-17T16:19:26-0300,Trade,Buy to Close,BUY_TO_CLOSE,SPXW  260417C07140000,Equity Option,Bought 2 SPX 04/17/26 Call 7140.00 @ 0.27,-54.00,2,-27.00,0.00,-1.45,100,SPXW,SPX,4/17/26,7140,CALL,455755390,-55.45,USD
2026-04-17T16:19:26-0300,Trade,Sell to Close,SELL_TO_CLOSE,SPXW  260417C07135000,Equity Option,Sold 2 SPX 04/17/26 Call 7135.00 @ 0.47,94.00,2,47.00,0.00,-1.46,100,SPXW,SPX,4/17/26,7135,CALL,455755390,92.54,USD
2026-04-17T14:22:58-0300,Trade,Sell to Open,SELL_TO_OPEN,SPXW  260417C07140000,Equity Option,Sold 1 SPX 04/17/26 Call 7140.00 @ 4.63,463.00,1,463.00,-1.00,-0.72,100,SPXW,SPX,4/17/26,7140,CALL,455644177,461.28,USD
2026-04-17T14:22:58-0300,Trade,Buy to Open,BUY_TO_OPEN,SPXW  260417C07135000,Equity Option,Bought 1 SPX 04/17/26 Call 7135.00 @ 6.63,-663.00,1,-663.00,-1.00,-0.72,100,SPXW,SPX,4/17/26,7135,CALL,455644177,-664.72,USD
2026-04-17T14:22:58-0300,Trade,Sell to Open,SELL_TO_OPEN,SPXW  260417C07140000,Equity Option,Sold 1 SPX 04/17/26 Call 7140.00 @ 4.63,463.00,1,463.00,-1.00,-0.72,100,SPXW,SPX,4/17/26,7140,CALL,455644177,461.28,USD
2026-04-17T14:22:58-0300,Trade,Buy to Open,BUY_TO_OPEN,SPXW  260417C07135000,Equity Option,Bought 1 SPX 04/17/26 Call 7135.00 @ 6.63,-663.00,1,-663.00,-1.00,-0.72,100,SPXW,SPX,4/17/26,7135,CALL,455644177,-664.72,USD
2026-04-17T13:30:44-0300,Trade,Buy to Close,BUY_TO_CLOSE,SPXW  260417C07100000,Equity Option,Bought 1 SPX 04/17/26 Call 7100.00 @ 43.00,"-4,300.00",1,"-4,300.00",0.00,-0.72,100,SPXW,SPX,4/17/26,7100,CALL,455423841,"-4,300.72",USD
2026-04-17T13:30:44-0300,Trade,Sell to Close,SELL_TO_CLOSE,SPXW  260417C07095000,Equity Option,Sold 1 SPX 04/17/26 Call 7095.00 @ 47.80,"4,780.00",1,"4,780.00",0.00,-0.72,100,SPXW,SPX,4/17/26,7095,CALL,455423841,"4,779.28",USD
2026-04-17T10:33:12-0300,Trade,Sell to Open,SELL_TO_OPEN,SPXW  260417C07100000,Equity Option,Sold 1 SPX 04/17/26 Call 7100.00 @ 10.34,"1,034.00",1,"1,034.00",-1.00,-0.72,100,SPXW,SPX,4/17/26,7100,CALL,455309658,"1,032.28",USD
2026-04-17T10:33:12-0300,Trade,Buy to Open,BUY_TO_OPEN,SPXW  260417C07095000,Equity Option,Bought 1 SPX 04/17/26 Call 7095.00 @ 12.69,"-1,269.00",1,"-1,269.00",-1.00,-0.72,100,SPXW,SPX,4/17/26,7095,CALL,455309658,"-1,270.72",USD
2026-04-16T13:43:18-0300,Money Movement,Withdrawal,,,,Digital Asset Fund Conversion Withdrawal of 49.47 USDC/USD,-50.00,0,,--,0.00,,,,,,,,-50.00,USD
2026-04-15T13:53:12-0300,Trade,Sell to Close,SELL_TO_CLOSE,SPXW  260415C07060000,Equity Option,Sold 1 SPX 04/15/26 Call 7060.00 @ 0.12,12.00,1,12.00,0.00,-0.72,100,SPXW,SPX,4/15/26,7060,CALL,454655076,11.28,USD
2026-04-15T13:53:12-0300,Trade,Buy to Close,BUY_TO_CLOSE,SPXW  260415C07020000,Equity Option,Bought 1 SPX 04/15/26 Call 7020.00 @ 0.67,-67.00,1,-67.00,0.00,-0.72,100,SPXW,SPX,4/15/26,7020,CALL,454655076,-67.72,USD
2026-04-15T13:53:12-0300,Trade,Sell to Close,SELL_TO_CLOSE,SPXW  260415C07060000,Equity Option,Sold 1 SPX 04/15/26 Call 7060.00 @ 0.12,12.00,1,12.00,0.00,-0.72,100,SPXW,SPX,4/15/26,7060,CALL,454655076,11.28,USD
2026-04-15T13:53:12-0300,Trade,Buy to Close,BUY_TO_CLOSE,SPXW  260415C07020000,Equity Option,Bought 1 SPX 04/15/26 Call 7020.00 @ 0.67,-67.00,1,-67.00,0.00,-0.72,100,SPXW,SPX,4/15/26,7020,CALL,454655076,-67.72,USD
2026-04-15T13:47:37-0300,Trade,Sell to Close,SELL_TO_CLOSE,SPXW  260415P06920000,Equity Option,Sold 1 SPX 04/15/26 Put 6920.00 @ 1.30,130.00,1,130.00,0.00,-0.72,100,SPXW,SPX,4/15/26,6920,PUT,454558051,129.28,USD
2026-04-15T13:47:37-0300,Trade,Buy to Close,BUY_TO_CLOSE,SPXW  260415P06960000,Equity Option,Bought 1 SPX 04/15/26 Put 6960.00 @ 3.75,-375.00,1,-375.00,0.00,-0.72,100,SPXW,SPX,4/15/26,6960,PUT,454558051,-375.72,USD
2026-04-15T13:47:37-0300,Trade,Sell to Close,SELL_TO_CLOSE,SPXW  260415P06920000,Equity Option,Sold 1 SPX 04/15/26 Put 6920.00 @ 1.30,130.00,1,130.00,0.00,-0.72,100,SPXW,SPX,4/15/26,6920,PUT,454558051,129.28,USD
2026-04-15T13:47:37-0300,Trade,Buy to Close,BUY_TO_CLOSE,SPXW  260415P06960000,Equity Option,Bought 1 SPX 04/15/26 Put 6960.00 @ 3.75,-375.00,1,-375.00,0.00,-0.72,100,SPXW,SPX,4/15/26,6960,PUT,454558051,-375.72,USD
2026-04-15T11:51:34-0300,Trade,Buy to Open,BUY_TO_OPEN,SPXW  260415P06920000,Equity Option,Bought 2 SPX 04/15/26 Put 6920.00 @ 0.82,-164.00,2,-82.00,-2.00,-1.45,100,SPXW,SPX,4/15/26,6920,PUT,454551885,-167.45,USD
2026-04-15T11:51:34-0300,Trade,Buy to Open,BUY_TO_OPEN,SPXW  260415C07060000,Equity Option,Bought 2 SPX 04/15/26 Call 7060.00 @ 0.28,-56.00,2,-28.00,-2.00,-1.45,100,SPXW,SPX,4/15/26,7060,CALL,454551885,-59.45,USD
2026-04-15T11:51:34-0300,Trade,Sell to Open,SELL_TO_OPEN,SPXW  260415P06960000,Equity Option,Sold 2 SPX 04/15/26 Put 6960.00 @ 2.35,470.00,2,235.00,-2.00,-1.46,100,SPXW,SPX,4/15/26,6960,PUT,454551885,466.54,USD
2026-04-15T11:51:34-0300,Trade,Sell to Open,SELL_TO_OPEN,SPXW  260415C07020000,Equity Option,Sold 2 SPX 04/15/26 Call 7020.00 @ 1.50,300.00,2,150.00,-2.00,-1.46,100,SPXW,SPX,4/15/26,7020,CALL,454551885,296.54,USD
2026-04-14T16:39:17-0300,Trade,Buy to Close,BUY_TO_CLOSE,SPXW  260414C06980000,Equity Option,Bought 1 SPX 04/14/26 Call 6980.00 @ 0.75,-75.00,1,-75.00,0.00,-0.72,100,SPXW,SPX,4/14/26,6980,CALL,454367107,-75.72,USD
2026-04-14T16:39:17-0300,Trade,Sell to Close,SELL_TO_CLOSE,SPXW  260414C06965000,Equity Option,Sold 1 SPX 04/14/26 Call 6965.00 @ 4.60,460.00,1,460.00,0.00,-0.72,100,SPXW,SPX,4/14/26,6965,CALL,454367107,459.28,USD
2026-04-14T13:44:36-0300,Trade,Sell to Open,SELL_TO_OPEN,SPXW  260414C06980000,Equity Option,Sold 1 SPX 04/14/26 Call 6980.00 @ 1.62,162.00,1,162.00,-1.00,-0.72,100,SPXW,SPX,4/14/26,6980,CALL,454249461,160.28,USD
2026-04-14T13:44:36-0300,Trade,Buy to Open,BUY_TO_OPEN,SPXW  260414C06965000,Equity Option,Bought 1 SPX 04/14/26 Call 6965.00 @ 4.92,-492.00,1,-492.00,-1.00,-0.72,100,SPXW,SPX,4/14/26,6965,CALL,454249461,-493.72,USD
2026-04-14T11:38:52-0300,Trade,Sell to Close,SELL_TO_CLOSE,SPXW  260414C06965000,Equity Option,Sold 1 SPX 04/14/26 Call 6965.00 @ 1.57,157.00,1,157.00,0.00,-0.72,100,SPXW,SPX,4/14/26,6965,CALL,454137172,156.28,USD
2026-04-14T11:38:52-0300,Trade,Buy to Close,BUY_TO_CLOSE,SPXW  260414C06950000,Equity Option,Bought 1 SPX 04/14/26 Call 6950.00 @ 3.67,-367.00,1,-367.00,0.00,-0.72,100,SPXW,SPX,4/14/26,6950,CALL,454137172,-367.72,USD
2026-04-14T11:38:46-0300,Trade,Sell to Close,SELL_TO_CLOSE,SPXW  260414C06965000,Equity Option,Sold 1 SPX 04/14/26 Call 6965.00 @ 1.60,160.00,1,160.00,0.00,-0.72,100,SPXW,SPX,4/14/26,6965,CALL,454137172,159.28,USD
2026-04-14T11:38:46-0300,Trade,Buy to Close,BUY_TO_CLOSE,SPXW  260414C06950000,Equity Option,Bought 1 SPX 04/14/26 Call 6950.00 @ 3.70,-370.00,1,-370.00,0.00,-0.72,100,SPXW,SPX,4/14/26,6950,CALL,454137172,-370.72,USD
2026-04-14T11:30:56-0300,Trade,Buy to Open,BUY_TO_OPEN,SPXW  260414C06965000,Equity Option,Bought 1 SPX 04/14/26 Call 6965.00 @ 1.70,-170.00,1,-170.00,-1.00,-0.72,100,SPXW,SPX,4/14/26,6965,CALL,454131070,-171.72,USD
2026-04-14T11:30:56-0300,Trade,Sell to Open,SELL_TO_OPEN,SPXW  260414C06950000,Equity Option,Sold 1 SPX 04/14/26 Call 6950.00 @ 3.95,395.00,1,395.00,-1.00,-0.72,100,SPXW,SPX,4/14/26,6950,CALL,454131070,393.28,USD
2026-04-14T11:30:56-0300,Trade,Buy to Open,BUY_TO_OPEN,SPXW  260414C06965000,Equity Option,Bought 1 SPX 04/14/26 Call 6965.00 @ 1.70,-170.00,1,-170.00,-1.00,-0.72,100,SPXW,SPX,4/14/26,6965,CALL,454131070,-171.72,USD
2026-04-14T11:30:56-0300,Trade,Sell to Open,SELL_TO_OPEN,SPXW  260414C06950000,Equity Option,Sold 1 SPX 04/14/26 Call 6950.00 @ 3.95,395.00,1,395.00,-1.00,-0.72,100,SPXW,SPX,4/14/26,6950,CALL,454131070,393.28,USD
2026-04-11T16:14:08-0300,Money Movement,Balance Adjustment,,,,Regulatory fee adjustment,0.11,0,,--,0.00,,,,,,,,0.11,USD
2026-04-09T14:37:24-0300,Trade,Sell to Close,SELL_TO_CLOSE,SPXW  260409P06750000,Equity Option,Sold 2 SPX 04/09/26 Put 6750.00 @ 0.47,94.00,2,47.00,0.00,-1.46,100,SPXW,SPX,4/09/26,6750,PUT,453144748,92.54,USD
2026-04-09T14:37:24-0300,Trade,Buy to Close,BUY_TO_CLOSE,SPXW  260409P06790000,Equity Option,Bought 2 SPX 04/09/26 Put 6790.00 @ 1.07,-214.00,2,-107.00,0.00,-1.45,100,SPXW,SPX,4/09/26,6790,PUT,453144748,-215.45,USD
2026-04-09T13:17:55-0300,Trade,Sell to Close,SELL_TO_CLOSE,SPXW  260409P06680000,Equity Option,Sold 1 SPX 04/09/26 Put 6680.00 @ 0.27,27.00,1,27.00,0.00,-0.72,100,SPXW,SPX,4/09/26,6680,PUT,453095985,26.28,USD
2026-04-09T13:17:55-0300,Trade,Buy to Close,BUY_TO_CLOSE,SPXW  260409P06720000,Equity Option,Bought 1 SPX 04/09/26 Put 6720.00 @ 0.47,-47.00,1,-47.00,0.00,-0.72,100,SPXW,SPX,4/09/26,6720,PUT,453095985,-47.72,USD
2026-04-09T13:17:55-0300,Trade,Sell to Close,SELL_TO_CLOSE,SPXW  260409P06680000,Equity Option,Sold 1 SPX 04/09/26 Put 6680.00 @ 0.27,27.00,1,27.00,0.00,-0.72,100,SPXW,SPX,4/09/26,6680,PUT,453095985,26.28,USD
2026-04-09T13:17:55-0300,Trade,Buy to Close,BUY_TO_CLOSE,SPXW  260409P06720000,Equity Option,Bought 1 SPX 04/09/26 Put 6720.00 @ 0.47,-47.00,1,-47.00,0.00,-0.72,100,SPXW,SPX,4/09/26,6720,PUT,453095985,-47.72,USD
2026-04-09T13:11:24-0300,Trade,Buy to Open,BUY_TO_OPEN,SPXW  260409P06750000,Equity Option,Bought 2 SPX 04/09/26 Put 6750.00 @ 0.82,-164.00,2,-82.00,-2.00,-1.45,100,SPXW,SPX,4/09/26,6750,PUT,453090692,-167.45,USD
2026-04-09T13:11:24-0300,Trade,Sell to Open,SELL_TO_OPEN,SPXW  260409P06790000,Equity Option,Sold 2 SPX 04/09/26 Put 6790.00 @ 3.12,624.00,2,312.00,-2.00,-1.46,100,SPXW,SPX,4/09/26,6790,PUT,453090692,620.54,USD
2026-04-09T12:48:12-0300,Trade,Sell to Close,SELL_TO_CLOSE,SPXW  260409C06880000,Equity Option,Sold 1 SPX 04/09/26 Call 6880.00 @ 1.07,107.00,1,107.00,0.00,-0.72,100,SPXW,SPX,4/09/26,6880,CALL,453063408,106.28,USD
2026-04-09T12:48:12-0300,Trade,Buy to Close,BUY_TO_CLOSE,SPXW  260409C06840000,Equity Option,Bought 1 SPX 04/09/26 Call 6840.00 @ 3.72,-372.00,1,-372.00,0.00,-0.72,100,SPXW,SPX,4/09/26,6840,CALL,453063408,-372.72,USD
2026-04-09T12:48:12-0300,Trade,Sell to Close,SELL_TO_CLOSE,SPXW  260409C06880000,Equity Option,Sold 1 SPX 04/09/26 Call 6880.00 @ 1.07,107.00,1,107.00,0.00,-0.72,100,SPXW,SPX,4/09/26,6880,CALL,453063408,106.28,USD
2026-04-09T12:48:12-0300,Trade,Buy to Close,BUY_TO_CLOSE,SPXW  260409C06840000,Equity Option,Bought 1 SPX 04/09/26 Call 6840.00 @ 3.72,-372.00,1,-372.00,0.00,-0.72,100,SPXW,SPX,4/09/26,6840,CALL,453063408,-372.72,USD
2026-04-09T12:35:51-0300,Trade,Buy to Open,BUY_TO_OPEN,SPXW  260409C06880000,Equity Option,Bought 1 SPX 04/09/26 Call 6880.00 @ 0.70,-70.00,1,-70.00,-1.00,-0.72,100,SPXW,SPX,4/09/26,6880,CALL,453059380,-71.72,USD
2026-04-09T12:35:51-0300,Trade,Sell to Open,SELL_TO_OPEN,SPXW  260409C06840000,Equity Option,Sold 1 SPX 04/09/26 Call 6840.00 @ 2.55,255.00,1,255.00,-1.00,-0.72,100,SPXW,SPX,4/09/26,6840,CALL,453059380,253.28,USD
2026-04-09T12:35:03-0300,Trade,Buy to Open,BUY_TO_OPEN,SPXW  260409C06880000,Equity Option,Bought 1 SPX 04/09/26 Call 6880.00 @ 0.62,-62.00,1,-62.00,-1.00,-0.72,100,SPXW,SPX,4/09/26,6880,CALL,453058780,-63.72,USD
2026-04-09T12:35:03-0300,Trade,Sell to Open,SELL_TO_OPEN,SPXW  260409C06840000,Equity Option,Sold 1 SPX 04/09/26 Call 6840.00 @ 2.27,227.00,1,227.00,-1.00,-0.72,100,SPXW,SPX,4/09/26,6840,CALL,453058780,225.28,USD
2026-04-09T12:32:46-0300,Trade,Buy to Close,BUY_TO_CLOSE,SPXW  260409C06825000,Equity Option,Bought 1 SPX 04/09/26 Call 6825.00 @ 3.67,-367.00,1,-367.00,0.00,-0.72,100,SPXW,SPX,4/09/26,6825,CALL,453054251,-367.72,USD
2026-04-09T12:32:46-0300,Trade,Sell to Close,SELL_TO_CLOSE,SPXW  260409C06875000,Equity Option,Sold 1 SPX 04/09/26 Call 6875.00 @ 0.82,82.00,1,82.00,0.00,-0.72,100,SPXW,SPX,4/09/26,6875,CALL,453054251,81.28,USD
2026-04-09T12:32:46-0300,Trade,Sell to Close,SELL_TO_CLOSE,SPXW  260409C06875000,Equity Option,Sold 1 SPX 04/09/26 Call 6875.00 @ 0.82,82.00,1,82.00,0.00,-0.72,100,SPXW,SPX,4/09/26,6875,CALL,453054251,81.28,USD
2026-04-09T12:32:46-0300,Trade,Buy to Close,BUY_TO_CLOSE,SPXW  260409C06825000,Equity Option,Bought 1 SPX 04/09/26 Call 6825.00 @ 3.67,-367.00,1,-367.00,0.00,-0.72,100,SPXW,SPX,4/09/26,6825,CALL,453054251,-367.72,USD
2026-04-09T12:24:27-0300,Trade,Buy to Open,BUY_TO_OPEN,SPXW  260409C06875000,Equity Option,Bought 2 SPX 04/09/26 Call 6875.00 @ 0.37,-74.00,2,-37.00,-2.00,-1.45,100,SPXW,SPX,4/09/26,6875,CALL,453049901,-77.45,USD
2026-04-09T12:24:27-0300,Trade,Sell to Open,SELL_TO_OPEN,SPXW  260409C06825000,Equity Option,Sold 2 SPX 04/09/26 Call 6825.00 @ 1.57,314.00,2,157.00,-2.00,-1.46,100,SPXW,SPX,4/09/26,6825,CALL,453049901,310.54,USD
2026-04-09T12:16:00-0300,Trade,Sell to Close,SELL_TO_CLOSE,SPXW  260409C06860000,Equity Option,Sold 1 SPX 04/09/26 Call 6860.00 @ 0.47,47.00,1,47.00,0.00,-0.72,100,SPXW,SPX,4/09/26,6860,CALL,453005382,46.28,USD
2026-04-09T12:16:00-0300,Trade,Buy to Close,BUY_TO_CLOSE,SPXW  260409C06805000,Equity Option,Bought 1 SPX 04/09/26 Call 6805.00 @ 3.12,-312.00,1,-312.00,0.00,-0.72,100,SPXW,SPX,4/09/26,6805,CALL,453005382,-312.72,USD
2026-04-09T12:16:00-0300,Trade,Sell to Close,SELL_TO_CLOSE,SPXW  260409C06860000,Equity Option,Sold 1 SPX 04/09/26 Call 6860.00 @ 0.47,47.00,1,47.00,0.00,-0.72,100,SPXW,SPX,4/09/26,6860,CALL,453005382,46.28,USD
2026-04-09T12:16:00-0300,Trade,Buy to Close,BUY_TO_CLOSE,SPXW  260409C06805000,Equity Option,Bought 1 SPX 04/09/26 Call 6805.00 @ 3.12,-312.00,1,-312.00,0.00,-0.72,100,SPXW,SPX,4/09/26,6805,CALL,453005382,-312.72,USD
2026-04-09T11:24:01-0300,Trade,Buy to Open,BUY_TO_OPEN,SPXW  260409C06860000,Equity Option,Bought 2 SPX 04/09/26 Call 6860.00 @ 0.42,-84.00,2,-42.00,-2.00,-1.45,100,SPXW,SPX,4/09/26,6860,CALL,452999277,-87.45,USD
2026-04-09T11:24:01-0300,Trade,Sell to Open,SELL_TO_OPEN,SPXW  260409C06805000,Equity Option,Sold 2 SPX 04/09/26 Call 6805.00 @ 1.87,374.00,2,187.00,-2.00,-1.46,100,SPXW,SPX,4/09/26,6805,CALL,452999277,370.54,USD
2026-04-09T11:20:16-0300,Trade,Sell to Open,SELL_TO_OPEN,SPXW  260409P06720000,Equity Option,Sold 2 SPX 04/09/26 Put 6720.00 @ 2.27,454.00,2,227.00,-2.00,-1.46,100,SPXW,SPX,4/09/26,6720,PUT,452995459,450.54,USD
2026-04-09T11:20:16-0300,Trade,Buy to Open,BUY_TO_OPEN,SPXW  260409P06680000,Equity Option,Bought 2 SPX 04/09/26 Put 6680.00 @ 0.87,-174.00,2,-87.00,-2.00,-1.45,100,SPXW,SPX,4/09/26,6680,PUT,452995459,-177.45,USD
2026-04-08T12:07:03-0300,Trade,Sell to Close,SELL_TO_CLOSE,SPXW  260408P06680000,Equity Option,Sold 2 SPX 04/08/26 Put 6680.00 @ 1.72,344.00,2,172.00,0.00,-1.46,100,SPXW,SPX,4/08/26,6680,PUT,452686040,342.54,USD
2026-04-08T12:07:03-0300,Trade,Buy to Close,BUY_TO_CLOSE,SPXW  260408P06720000,Equity Option,Bought 2 SPX 04/08/26 Put 6720.00 @ 4.62,-924.00,2,-462.00,0.00,-1.45,100,SPXW,SPX,4/08/26,6720,PUT,452686040,-925.45,USD
2026-04-08T10:39:48-0300,Trade,Sell to Open,SELL_TO_OPEN,SPXW  260408P06720000,Equity Option,Sold 1 SPX 04/08/26 Put 6720.00 @ 5.93,593.00,1,593.00,-1.00,-0.72,100,SPXW,SPX,4/08/26,6720,PUT,452567556,591.28,USD
2026-04-08T10:39:48-0300,Trade,Buy to Open,BUY_TO_OPEN,SPXW  260408P06680000,Equity Option,Bought 1 SPX 04/08/26 Put 6680.00 @ 3.03,-303.00,1,-303.00,-1.00,-0.72,100,SPXW,SPX,4/08/26,6680,PUT,452567556,-304.72,USD
2026-04-08T10:39:48-0300,Trade,Sell to Open,SELL_TO_OPEN,SPXW  260408P06720000,Equity Option,Sold 1 SPX 04/08/26 Put 6720.00 @ 5.93,593.00,1,593.00,-1.00,-0.72,100,SPXW,SPX,4/08/26,6720,PUT,452567556,591.28,USD
2026-04-08T10:39:48-0300,Trade,Buy to Open,BUY_TO_OPEN,SPXW  260408P06680000,Equity Option,Bought 1 SPX 04/08/26 Put 6680.00 @ 3.03,-303.00,1,-303.00,-1.00,-0.72,100,SPXW,SPX,4/08/26,6680,PUT,452567556,-304.72,USD
2026-04-07T14:55:51-0300,Trade,Sell to Close,SELL_TO_CLOSE,SPXW  260407P06460000,Equity Option,Sold 2 SPX 04/07/26 Put 6460.00 @ 0.12,24.00,2,12.00,0.00,-1.46,100,SPXW,SPX,4/07/26,6460,PUT,452368492,22.54,USD
2026-04-07T14:55:51-0300,Trade,Sell to Close,SELL_TO_CLOSE,SPXW  260407C06660000,Equity Option,Sold 2 SPX 04/07/26 Call 6660.00 @ 0.60,120.00,2,60.00,0.00,-1.46,100,SPXW,SPX,4/07/26,6660,CALL,452368492,118.54,USD
2026-04-07T14:55:51-0300,Trade,Buy to Close,BUY_TO_CLOSE,SPXW  260407P06500000,Equity Option,Bought 2 SPX 04/07/26 Put 6500.00 @ 0.22,-44.00,2,-22.00,0.00,-1.45,100,SPXW,SPX,4/07/26,6500,PUT,452368492,-45.45,USD
2026-04-07T14:55:51-0300,Trade,Buy to Close,BUY_TO_CLOSE,SPXW  260407C06620000,Equity Option,Bought 2 SPX 04/07/26 Call 6620.00 @ 2.25,-450.00,2,-225.00,0.00,-1.45,100,SPXW,SPX,4/07/26,6620,CALL,452368492,-451.45,USD
2026-04-07T11:38:32-0300,Trade,Buy to Open,BUY_TO_OPEN,SPXW  260407C06660000,Equity Option,Bought 2 SPX 04/07/26 Call 6660.00 @ 1.33,-266.00,2,-133.00,-2.00,-1.45,100,SPXW,SPX,4/07/26,6660,CALL,452264444,-269.45,USD
2026-04-07T11:38:32-0300,Trade,Sell to Open,SELL_TO_OPEN,SPXW  260407C06620000,Equity Option,Sold 2 SPX 04/07/26 Call 6620.00 @ 3.93,786.00,2,393.00,-2.00,-1.46,100,SPXW,SPX,4/07/26,6620,CALL,452264444,782.54,USD
2026-04-07T11:05:05-0300,Trade,Buy to Open,BUY_TO_OPEN,SPXW  260407P06460000,Equity Option,Bought 2 SPX 04/07/26 Put 6460.00 @ 1.37,-274.00,2,-137.00,-2.00,-1.45,100,SPXW,SPX,4/07/26,6460,PUT,452231617,-277.45,USD
2026-04-07T11:05:05-0300,Trade,Sell to Open,SELL_TO_OPEN,SPXW  260407P06500000,Equity Option,Sold 2 SPX 04/07/26 Put 6500.00 @ 4.07,814.00,2,407.00,-2.00,-1.46,100,SPXW,SPX,4/07/26,6500,PUT,452231617,810.54,USD
2026-04-04T18:12:17-0300,Money Movement,Deposit,,,,Digital Asset Fund Conversion Deposit of 986.31 USDC/USD,983.35,0,,--,0.00,,,,,,,,983.35,USD
2026-04-02T18:00:00-0300,Money Movement,Deposit,,,,Wire Funds Received,"7,030.41",0,,--,0.00,,,,,,,,"7,030.41",USD
2026-03-28T15:56:37-0300,Money Movement,Balance Adjustment,,,,Regulatory fee adjustment,0.07,0,,--,0.00,,,,,,,,0.07,USD
2026-03-27T15:12:41-0300,Trade,Sell to Close,SELL_TO_CLOSE,SPXW  260327P06310000,Equity Option,Sold 2 SPX 03/27/26 Put 6310.00 @ 0.82,164.00,2,82.00,0.00,-1.46,100,SPXW,SPX,3/27/26,6310,PUT,450246733,162.54,USD
2026-03-27T15:12:41-0300,Trade,Sell to Close,SELL_TO_CLOSE,SPXW  260327C06555000,Equity Option,Sold 2 SPX 03/27/26 Call 6555.00 @ 0.22,44.00,2,22.00,0.00,-1.46,100,SPXW,SPX,3/27/26,6555,CALL,450246733,42.54,USD
2026-03-27T15:12:41-0300,Trade,Buy to Close,BUY_TO_CLOSE,SPXW  260327P06350000,Equity Option,Bought 2 SPX 03/27/26 Put 6350.00 @ 4.06,-812.00,2,-406.00,0.00,-1.45,100,SPXW,SPX,3/27/26,6350,PUT,450246733,-813.45,USD
2026-03-27T15:12:41-0300,Trade,Buy to Close,BUY_TO_CLOSE,SPXW  260327C06515000,Equity Option,Bought 2 SPX 03/27/26 Call 6515.00 @ 0.38,-76.00,2,-38.00,0.00,-1.45,100,SPXW,SPX,3/27/26,6515,CALL,450246733,-77.45,USD
2026-03-27T10:51:52-0300,Trade,Buy to Open,BUY_TO_OPEN,SPXW  260327C06555000,Equity Option,Bought 2 SPX 03/27/26 Call 6555.00 @ 1.32,-264.00,2,-132.00,-2.00,-1.45,100,SPXW,SPX,3/27/26,6555,CALL,450043232,-267.45,USD
2026-03-27T10:51:52-0300,Trade,Sell to Open,SELL_TO_OPEN,SPXW  260327C06515000,Equity Option,Sold 2 SPX 03/27/26 Call 6515.00 @ 2.87,574.00,2,287.00,-2.00,-1.46,100,SPXW,SPX,3/27/26,6515,CALL,450043232,570.54,USD
2026-03-27T10:38:16-0300,Trade,Sell to Open,SELL_TO_OPEN,SPXW  260327P06350000,Equity Option,Sold 1 SPX 03/27/26 Put 6350.00 @ 3.27,327.00,1,327.00,-1.00,-0.72,100,SPXW,SPX,3/27/26,6350,PUT,450021795,325.28,USD
2026-03-27T10:38:16-0300,Trade,Buy to Open,BUY_TO_OPEN,SPXW  260327P06310000,Equity Option,Bought 1 SPX 03/27/26 Put 6310.00 @ 1.22,-122.00,1,-122.00,-1.00,-0.72,100,SPXW,SPX,3/27/26,6310,PUT,450021795,-123.72,USD
2026-03-27T10:38:16-0300,Trade,Sell to Open,SELL_TO_OPEN,SPXW  260327P06350000,Equity Option,Sold 1 SPX 03/27/26 Put 6350.00 @ 3.27,327.00,1,327.00,-1.00,-0.72,100,SPXW,SPX,3/27/26,6350,PUT,450021795,325.28,USD
2026-03-27T10:38:16-0300,Trade,Buy to Open,BUY_TO_OPEN,SPXW  260327P06310000,Equity Option,Bought 1 SPX 03/27/26 Put 6310.00 @ 1.22,-122.00,1,-122.00,-1.00,-0.72,100,SPXW,SPX,3/27/26,6310,PUT,450021795,-123.72,USD
2026-03-26T17:00:00-0300,Receive Deliver,Expiration,BUY_TO_CLOSE,SPXW  260326C06610000,Equity Option,Removal of 2.0 SPX 03/26/26 Call 6610.00 due to expiration.,0.00,2,0.00,--,0.00,100,SPXW,SPX,3/26/26,6610,CALL,,0.00,USD
2026-03-26T17:00:00-0300,Receive Deliver,Expiration,SELL_TO_CLOSE,SPXW  260326C06650000,Equity Option,Removal of 2.0 SPX 03/26/26 Call 6650.00 due to expiration.,0.00,2,0.00,--,0.00,100,SPXW,SPX,3/26/26,6650,CALL,,0.00,USD
2026-03-26T14:57:09-0300,Trade,Buy to Close,BUY_TO_CLOSE,SPXW  260326P06500000,Equity Option,Bought 2 SPX 03/26/26 Put 6500.00 @ 13.97,"-2,794.00",2,"-1,397.00",0.00,-1.45,100,SPXW,SPX,3/26/26,6500,PUT,449866705,"-2,795.45",USD
2026-03-26T14:57:09-0300,Trade,Sell to Close,SELL_TO_CLOSE,SPXW  260326P06455000,Equity Option,Sold 2 SPX 03/26/26 Put 6455.00 @ 1.92,384.00,2,192.00,0.00,-1.46,100,SPXW,SPX,3/26/26,6455,PUT,449866705,382.54,USD
2026-03-26T12:41:54-0300,Trade,Sell to Open,SELL_TO_OPEN,SPXW  260326P06500000,Equity Option,Sold 1 SPX 03/26/26 Put 6500.00 @ 3.25,325.00,1,325.00,-1.00,-0.72,100,SPXW,SPX,3/26/26,6500,PUT,449782500,323.28,USD
2026-03-26T12:41:54-0300,Trade,Buy to Open,BUY_TO_OPEN,SPXW  260326P06455000,Equity Option,Bought 1 SPX 03/26/26 Put 6455.00 @ 0.60,-60.00,1,-60.00,-1.00,-0.72,100,SPXW,SPX,3/26/26,6455,PUT,449782500,-61.72,USD
2026-03-26T12:41:54-0300,Trade,Sell to Open,SELL_TO_OPEN,SPXW  260326P06500000,Equity Option,Sold 1 SPX 03/26/26 Put 6500.00 @ 3.25,325.00,1,325.00,-1.00,-0.72,100,SPXW,SPX,3/26/26,6500,PUT,449782500,323.28,USD
2026-03-26T12:41:54-0300,Trade,Buy to Open,BUY_TO_OPEN,SPXW  260326P06455000,Equity Option,Bought 1 SPX 03/26/26 Put 6455.00 @ 0.60,-60.00,1,-60.00,-1.00,-0.72,100,SPXW,SPX,3/26/26,6455,PUT,449782500,-61.72,USD
2026-03-26T10:37:17-0300,Trade,Sell to Open,SELL_TO_OPEN,SPXW  260326C06610000,Equity Option,Sold 1 SPX 03/26/26 Call 6610.00 @ 2.60,260.00,1,260.00,-1.00,-0.72,100,SPXW,SPX,3/26/26,6610,CALL,449668980,258.28,USD
2026-03-26T10:37:17-0300,Trade,Buy to Open,BUY_TO_OPEN,SPXW  260326C06650000,Equity Option,Bought 1 SPX 03/26/26 Call 6650.00 @ 0.75,-75.00,1,-75.00,-1.00,-0.72,100,SPXW,SPX,3/26/26,6650,CALL,449668980,-76.72,USD
2026-03-26T10:37:17-0300,Trade,Sell to Open,SELL_TO_OPEN,SPXW  260326C06610000,Equity Option,Sold 1 SPX 03/26/26 Call 6610.00 @ 2.60,260.00,1,260.00,-1.00,-0.72,100,SPXW,SPX,3/26/26,6610,CALL,449668980,258.28,USD
2026-03-26T10:37:17-0300,Trade,Buy to Open,BUY_TO_OPEN,SPXW  260326C06650000,Equity Option,Bought 1 SPX 03/26/26 Call 6650.00 @ 0.75,-75.00,1,-75.00,-1.00,-0.72,100,SPXW,SPX,3/26/26,6650,CALL,449668980,-76.72,USD
2026-03-25T16:19:43-0300,Trade,Sell to Close,SELL_TO_CLOSE,SPXW  260325P06525000,Equity Option,Sold 2 SPX 03/25/26 Put 6525.00 @ 0.07,14.00,2,7.00,0.00,-1.46,100,SPXW,SPX,3/25/26,6525,PUT,449584001,12.54,USD
2026-03-25T16:19:43-0300,Trade,Sell to Close,SELL_TO_CLOSE,SPXW  260325C06725000,Equity Option,Sold 2 SPX 03/25/26 Call 6725.00 @ 0.03,6.00,2,3.00,0.00,-1.46,100,SPXW,SPX,3/25/26,6725,CALL,449584001,4.54,USD
2026-03-25T16:19:43-0300,Trade,Buy to Close,BUY_TO_CLOSE,SPXW  260325P06565000,Equity Option,Bought 2 SPX 03/25/26 Put 6565.00 @ 0.61,-122.00,2,-61.00,0.00,-1.45,100,SPXW,SPX,3/25/26,6565,PUT,449584001,-123.45,USD
2026-03-25T16:19:43-0300,Trade,Buy to Close,BUY_TO_CLOSE,SPXW  260325C06685000,Equity Option,Bought 2 SPX 03/25/26 Call 6685.00 @ 0.04,-8.00,2,-4.00,0.00,-1.45,100,SPXW,SPX,3/25/26,6685,CALL,449584001,-9.45,USD
2026-03-25T10:44:41-0300,Trade,Sell to Open,SELL_TO_OPEN,SPXW  260325C06685000,Equity Option,Sold 2 SPX 03/25/26 Call 6685.00 @ 1.83,366.00,2,183.00,-2.00,-1.46,100,SPXW,SPX,3/25/26,6685,CALL,449376036,362.54,USD
2026-03-25T10:44:41-0300,Trade,Sell to Open,SELL_TO_OPEN,SPXW  260325P06565000,Equity Option,Sold 2 SPX 03/25/26 Put 6565.00 @ 7.10,"1,420.00",2,710.00,-2.00,-1.46,100,SPXW,SPX,3/25/26,6565,PUT,449376036,"1,416.54",USD
2026-03-25T10:44:41-0300,Trade,Buy to Open,BUY_TO_OPEN,SPXW  260325C06725000,Equity Option,Bought 2 SPX 03/25/26 Call 6725.00 @ 0.52,-104.00,2,-52.00,-2.00,-1.45,100,SPXW,SPX,3/25/26,6725,CALL,449376036,-107.45,USD
2026-03-25T10:44:41-0300,Trade,Buy to Open,BUY_TO_OPEN,SPXW  260325P06525000,Equity Option,Bought 2 SPX 03/25/26 Put 6525.00 @ 2.66,-532.00,2,-266.00,-2.00,-1.45,100,SPXW,SPX,3/25/26,6525,PUT,449376036,-535.45,USD
2026-03-24T18:00:00-0300,Money Movement,Deposit,,,,Wire Funds Received,"20,501.74",0,,--,0.00,,,,,,,,"20,501.74",USD